area,subarea,companyName,tel,postcodeDoro,addressDoro,addressJibun,filter,filternight,filter365,latitude,longitude,time
서귀포시,강정동,봄봄약국,070-7794-3945,63559,제주특별자치도 서귀포시 대청로25번길 4 (강정동),제주특별자치도 서귀포시 강정동 208번지 1호,1,,,33.25280057,126.5026563,월-금 09:00 - 20:00<br>토 09:00 - 15:00
서귀포시,강정동,금강한약국,064-738-2880,63559,"제주특별자치도 서귀포시 신서로 69 (강정동, 강정지예타운)",제주특별자치도 서귀포시 강정동 1416-3,1,,,33.25646489,126.5052924,"월, 화, 목, 금, 토 10:00 - 18:00"
서귀포시,강정동,신세계온누리약국,064-739-0813,63560,"제주특별자치도 서귀포시 월드컵로 8, 104호 (강정동, 홍은프라자)",제주특별자치도 서귀포시 강정동 231번지 2호,1,,,33.24899263,126.5073221,월-금 08:30 - 19:00<br>토 08:30 - 14:30
서귀포시,강정동,바다약국,064-738-1598,63566,"제주특별자치도 서귀포시 신서귀로97번길 51, 바다약국 101호 (강정동)",제주특별자치도 서귀포시 강정동 159-8,1,,,33.25397195,126.5070023,"월, 화, 목, 금 08:30 - 18:00<br>수, 토 08:30 - 12:30"
서귀포시,강정동,탐라약국,064-738-7583,63566,제주특별자치도 서귀포시 신서로48번길 31 (강정동),제주특별자치도 서귀포시 강정동 161번지 1호,1,,,33.25357809,126.5086356,월-금 08:00 - 21:00<br>토 08:00 - 13:00
제주시,건입동,동의당온누리약국,064-758-2685,63279,제주특별자치도 제주시 만덕로 21 (건입동),제주특별자치도 제주시 건입동 1274번지 18호,1,,,33.51472317,126.532172,월-금 09:00 - 20:00<br>토 09:00 - 13:00
제주시,건입동,이화약국,070-8860-3522,63280,"제주특별자치도 제주시 임항로 191, 1층 (건입동, 제주항국제여객터미널)",제주특별자치도 제주시 건입동 908번지 1호,1,,,33.5219764,126.5434403,
제주시,건입동,터미널약국,064-753-0560,63280,제주특별자치도 제주시 임항로 111 (건입동),제주특별자치도 제주시 건입동 918번지 30호,1,,,33.52004074,126.5342262,
제주시,구좌읍,김녕약국,064-783-8623,63357,제주특별자치도 제주시 구좌읍 김녕로 114,제주특별자치도 제주시 구좌읍 김녕리 1703-6,1,,,33.5545535,126.7502155,
제주시,구좌읍,월정온누리약국,064-782-8388,63358,"제주특별자치도 제주시 구좌읍 해맞이해안로 486, 월정애비뉴 101호",제주특별자치도 제주시 구좌읍 월정리 33번지 12호,1,,,33.55472352,126.7988709,매일 10:00 - 18:00
제주시,구좌읍,구좌약국,064-782-8875,63361,"제주특별자치도 제주시 구좌읍 구좌로 40, 1층",제주특별자치도 제주시 구좌읍 세화리 1421번지 2호,3,,오전 8:00 - 오후 8:00,33.52327903,126.8556675,매일 08:00 - 20:00
제주시,구좌읍,세화약국,064-784-8442,63361,제주특별자치도 제주시 구좌읍 세화10길 1,제주특별자치도 제주시 구좌읍 세화리 1324번지 7호,2,화/수/목,,33.52083559,126.8587827,
제주시,구좌읍,메디팜감초당약국,064-783-2360,63361,제주특별자치도 제주시 구좌읍 구좌로 42,제주특별자치도 제주시 구좌읍 세화리 1421번지 3호,3,,오전 8:30 - 오후 7:00,33.52327863,126.8558697,
제주시,구좌읍,제일약국,064-783-2010,63361,제주특별자치도 제주시 구좌읍 구좌로 47,제주특별자치도 제주시 구좌읍 세화리 1465-1,1,,,33.52330195,126.8566142,
제주시,구좌읍,건강약국,064-784-5040,63361,제주특별자치도 제주시 구좌읍 세화12길 1,제주특별자치도 제주시 구좌읍 세화리 1366번지 3호,1,,,33.52083596,126.8592728,
서귀포시,남원읍,위미약국,064-764-6603,63611,제주특별자치도 서귀포시 남원읍 태위로 127 (위미약국),제주특별자치도 서귀포시 남원읍 위미리 2850번지 1호,1,,,33.27500125,126.661078,
서귀포시,남원읍,동원약국,064-764-5784,63621,제주특별자치도 서귀포시 남원읍 태위로 634 ((남원읍)),제주특별자치도 서귀포시 남원읍 남원리 1349-4,1,,,33.27777507,126.7143606,
서귀포시,남원읍,고은약국,064-764-8878,63621,제주특별자치도 서귀포시 남원읍 태위로 691,제주특별자치도 서귀포시 남원읍 남원리 205번지 19호,1,,,33.27963509,126.7202886,
서귀포시,남원읍,조광약국,064-764-4159,63621,제주특별자치도 서귀포시 남원읍 태위로 633,제주특별자치도 서귀포시 남원읍 남원리 1341번지 1호,2,월/수,,33.27811772,126.7143724,
서귀포시,남원읍,민생약국,064-764-1079,63621,제주특별자치도 서귀포시 남원읍 태위로 687,제주특별자치도 서귀포시 남원읍 남원리 100번지 2호,1,,,33.27949709,126.719864,
서귀포시,남원읍,남원약국,064-764-0405,63621,제주특별자치도 서귀포시 남원읍 태위로 667,제주특별자치도 서귀포시 남원읍 남원리 116번지 4호,1,,,33.27893363,126.7178992,
제주시,노형동,매일약국,064-749-8876,63081,제주특별자치도 제주시 노연로 29 (노형동),제주특별자치도 제주시 노형동 913번지 7호,1,,,33.48625098,126.4832413,
제주시,노형동,생생약국,064-711-1788,63082,제주특별자치도 제주시 원노형남1길 1 (노형동),제주특별자치도 제주시 노형동 919-6,1,,,33.48400661,126.4807308,
제주시,노형동,가까운약국,064-745-6188,63082,"제주특별자치도 제주시 원노형남1길 11, 1층 106호 (노형동)",제주특별자치도 제주시 노형동 924-1,1,,,33.48424751,126.4817419,
제주시,노형동,천지약국,070-4544-3999,63083,"제주특별자치도 제주시 1100로 3347, 1층 (노형동)",제주특별자치도 제주시 노형동 3779번지 3호,1,,,33.48483722,126.4796056,
제주시,노형동,으뜸약국,064-749-0003,63083,"제주특별자치도 제주시 노형로 376, 1층 (노형동)",제주특별자치도 제주시 노형동 3788번지 12호,3,,오전 9:00 - 오후 10:30,33.48341472,126.4761263,
제주시,노형동,그린온누리약국,064-712-7369,63083,제주특별자치도 제주시 노형12길 27 (노형동),제주특별자치도 제주시 노형동 3784-10,1,,,33.4823233,126.4805171,
제주시,노형동,예은온누리약국,064-747-1225,63083,"제주특별자치도 제주시 노형8길 8, 1층 (노형동)",제주특별자치도 제주시 노형동 3787번지 1호,1,,,33.48400117,126.477847,
제주시,노형동,새봄약국,064-712-0086,63083,"제주특별자치도 제주시 1100로 3333, B호 (노형동)",제주특별자치도 제주시 노형동 841번지 노형2지구 13블럭 1롯트외 1필지,1,,,33.48362197,126.4801443,
제주시,노형동,신행복약국,064-712-6577,63083,"제주특별자치도 제주시 노형8길 2 (노형동, 지하1층)",제주특별자치도 제주시 노형동 3788번지 지하1층,1,,,33.48432624,126.4773462,
제주시,노형동,영제약국,064-726-3090,63083,"제주특별자치도 제주시 노형8길 3, 1층 (노형동)",제주특별자치도 제주시 노형동 3780번지 6호 1층,1,,,33.48444445,126.4777973,
제주시,노형동,예사랑약국,064-721-2091,63083,"제주특별자치도 제주시 노형11길 25, 1층 (노형동)",제주특별자치도 제주시 노형동 3792-12,1,,,33.4827941,126.4776266,
제주시,노형동,스마트약국,064-712-6706,63084,"제주특별자치도 제주시 연북로 1, 롯데마트 1층 (노형동)",제주특별자치도 제주시 노형동 708번지 롯데마트,1,,,33.48244219,126.481834,
제주시,노형동,마트존약국,064-746-6141,63084,제주특별자치도 제주시 1100로 3324(노형동),제주특별자치도 제주시 노형동 920-14,1,,,33.48302,126.4812051,
제주시,노형동,연동팜약국,064-747-7702,63085,"제주특별자치도 제주시 연북로 38, 1층 (노형동)",제주특별자치도 제주시 노형동 725번지 2호,1,,,33.48164977,126.4854034,
제주시,노형동,굿모닝약국,064-711-8995,63085,"제주특별자치도 제주시 연북로 40 (노형동,1층)",제주특별자치도 제주시 노형동 725번지 3호 1층,1,,,33.48163293,126.4856252,
제주시,노형동,대정약국,064-743-3734,63085,제주특별자치도 제주시 과원북4길 35 (노형동),제주특별자치도 제주시 노형동 727번지 1호,1,,,33.48126223,126.4863716,
제주시,노형동,신진팜약국,064-746-5452,63085,"제주특별자치도 제주시 연북로 34, 1층 (노형동)",제주특별자치도 제주시 노형동 725번지,1,,,33.48166837,126.484952,
제주시,노형동,진약국,064-712-3365,63086,"제주특별자치도 제주시 연북로 28, 1층 (노형동)",제주특별자치도 제주시 노형동 719번지 4호,1,,,33.481678,126.4843641,
제주시,노형동,은우약국,064-748-7542,63087,"제주특별자치도 제주시 1100로 3283, 1층 (노형동, 영화빌딩)",제주특별자치도 제주시 노형동 740번지 1호 1층,1,,,33.47940439,126.4817979,
제주시,노형동,더건강한약국,064-746-2255,63089,"제주특별자치도 제주시 한라대학로 77-1, 1층 (노형동)",제주특별자치도 제주시 노형동 759번지 2호,1,,,33.47651589,126.4786434,
제주시,노형동,숲약국,064-747-8119,63092,"제주특별자치도 제주시 1100로 3213-27, 지하2층 202호 (노형동, 천마에코피아2차)",제주특별자치도 제주시 노형동 683번지 1호 천마에코피아2차,1,,,33.4760038,126.4815058,
제주시,노형동,정존약국,064-742-2378,63093,"제주특별자치도 제주시 고사마루길 2, 1층 (노형동)",제주특별자치도 제주시 노형동 2319번지 1호,1,,,33.48029087,126.472234,
제주시,노형동,미소약국,064-712-2928,63097,"제주특별자치도 제주시 월랑로8길 1 (노형동,아란야플라자 1층 105호)",제주특별자치도 제주시 노형동 1054번지 6호 아란야플라자 1층 105호,1,,,33.4888313,126.4766797,
제주시,노형동,열린약국,064-748-1551,63097,제주특별자치도 제주시 월랑로10길 34 (노형동),제주특별자치도 제주시 노형동 1050번지 1호,3,,오전 8:00 - 오후 9:00,33.49092825,126.4787614,
제주시,노형동,건강드림약국,064-744-0369,63098,"제주특별자치도 제주시 도령로 1, 1층 (노형동)",제주특별자치도 제주시 노형동 1289번지 5호,1,,,33.48681267,126.4793213,
제주시,노형동,노형한마음약국,064-747-7288,63098,"제주특별자치도 제주시 도령로 7, 1층 (노형동, 금성빌딩)",제주특별자치도 제주시 노형동 1296번지 12호,1,,,33.48666984,126.4801105,
제주시,노형동,유성약국,064-744-5477,63098,"제주특별자치도 제주시 도령로 5 (노형동,1층)",제주특별자치도 제주시 노형동 1296번지 5호 1층,1,,,33.48678756,126.4799328,
제주시,노형동,노형온누리약국,064-744-4880,63099,제주특별자치도 제주시 월랑로 3 (노형동),제주특별자치도 제주시 노형동 1288번지 1호,1,,,33.48647066,126.4784751,
제주시,노형동,노형타워약국,064-747-0828,63099,"제주특별자치도 제주시 노형로 지하 407, 102호 (노형동)",제주특별자치도 제주시 노형동 1288번지 6호,1,,,33.4858042,126.4784078,
제주시,노형동,명인약국,064-712-7965,63099,"제주특별자치도 제주시 노형로 407, 1층 106호 (노형동, 노형타워)",제주특별자치도 제주시 노형동 1288번지 5호,1,,,33.48582141,126.478301,
제주시,노형동,한라약국,064-712-7364,63099,"제주특별자치도 제주시 월랑로 33, 1층 (노형동, 한라빌딩)",제주특별자치도 제주시 노형동 1055번지 3호,1,,,33.48856091,126.4760826,
제주시,노형동,세원약국,064-742-9090,63099,"제주특별자치도 제주시 월랑로 5, 1층 (노형동)",제주특별자치도 제주시 노형동 1281번지 8호,1,,,33.48669003,126.4782634,
제주시,노형동,삼성약국,064-745-3025,63099,"제주특별자치도 제주시 월랑로 1 (노형동,1층)",제주특별자치도 제주시 노형동 1288번지 2호 1층,1,,,33.4863845,126.4785677,
제주시,노형동,행복나눔약국,064-747-7227,63100,제주특별자치도 제주시 월랑로 59 (노형동),제주특별자치도 제주시 노형동2577-4,1,,,33.49023224,126.4741995,
제주시,노형동,초록약국,064-713-7337,63100,"제주특별자치도 제주시 수덕로 6, 1층 (노형동)",제주특별자치도 제주시 노형동 2581-5,1,,,33.48866492,126.4753072,
제주시,노형동,밝은사랑약국,064-744-9952,63102,"제주특별자치도 제주시 수덕로 41, 1층 (노형동)",제주특별자치도 제주시 노형동 2529번지 1호,3,,오전 9:00 - 오후 9:30,33.48614833,126.4727846,
제주시,노형동,싱싱약국,064-711-7242,63083,제주특별자치도 제주시 노형로 386 (노형동),제주특별자치도 제주시 노형동 3788번지 16호,1,,,33.48415154,126.4769251,
제주시,노형동,정약국,064-713-0033,63099,제주특별자치도 제주시 수덕1길 3 로타리빌딩,제주특별자치도 제주시 노형동 1288-3,1,,,33.48624253,126.4782762,
제주시,노형동,메디팜월랑약국,064-742-9770,63100,제주특별자치도 제주시 월랑로 39,제주특별자치도 제주시 노형동 2581-3,1,,,33.48894626,126.4756147,
서귀포시,대정읍,서울약국,064-762-3530,63507,제주특별자치도 서귀포시 대정읍 하모상가로 325,제주특별자치도 서귀포시 대정읍 하모리 822번지 1호,1,,,33.24818365,126.564014,
서귀포시,대정읍,대정온누리약국,064-792-7545,63507,"제주특별자치도 서귀포시 대정읍 하모중앙로 76, 1층 3호",제주특별자치도 서귀포시 대정읍 하모리 943-2 1층 3호,1,,,33.22139088,126.2518101,
서귀포시,대정읍,시계탑약국,064-794-1763,63507,제주특별자치도 서귀포시 대정읍 하모이삼로 34-4 (시계탑약국),제주특별자치도 서귀포시 대정읍 하모리 849번지 16호,1,,,33.22332394,126.2512101,
서귀포시,대정읍,메디팜현대약국,064-794-0719,63507,제주특별자치도 서귀포시 대정읍 하모상가로 27,제주특별자치도 서귀포시 대정읍 하모리 945-1,1,,,33.22167157,126.2517091,
서귀포시,대정읍,건강약국,064-794-7575,63508,제주특별자치도 서귀포시 대정읍 하모상가로 51-1,제주특별자치도 서귀포시 대정읍 하모리 849번지 25호,2,화/수/목,,33.22220541,126.2541246,
서귀포시,대정읍,대정송약국,064-792-8842,63508,"제주특별자치도 서귀포시 대정읍 하모상가로 46, 1층 (경원빌딩)",제주특별자치도 서귀포시 대정읍 하모리 848-1,1,,,33.22160056,126.2536963,
서귀포시,대정읍,프라자약국,064-792-5557,63508,제주특별자치도 서귀포시 대정읍 신영로 109,제주특별자치도 서귀포시 대정읍 하모리 849번지 12호,1,,,33.22180756,126.2539348,
서귀포시,대정읍,삼성약국,064-794-8380,63510,제주특별자치도 서귀포시 대정읍 상모로 321 (모슬포약국),제주특별자치도 서귀포시 대정읍 하모리 821번지 4호,1,,,33.22231977,126.2551534,
서귀포시,대정읍,흙한약국,064-792-2243,63510,제주특별자치도 서귀포시 대정읍 상모대서로20번길 20,제주특별자치도 서귀포시 상모리 3810-10,1,,,33.22531707,126.2585171,
서귀포시,대정읍,프라임약국,064-794-9997,63644,"제주특별자치도 서귀포시 대정읍 에듀시티로 102, 104동 105호",제주특별자치도 서귀포시 대정읍 보성리 2417번지,1,,,33.28691522,126.2803435,
제주시,도남동,만년약국,064-726-8806,63200,제주특별자치도 제주시  서광로  268 (도남동),제주특별자치도 제주시 도남동 914번지 1호,1,,,33.49975337,126.5251914,
제주시,도남동,해모로약국,064-901-7378,63204,"제주특별자치도 제주시 연삼로 305, 101호 (도남동)",제주특별자치도 제주시 도남동 60-3 101호,1,,,33.49238537,126.5251671,
제주시,도남동,한결약국,064-727-1210,63205,제주특별자치도 제주시 신성로 78 (도남동),제주특별자치도 제주시 도남동 84번지 2호,1,,,33.4954441,126.5278056,
제주시,도두동,365약국,064-711-3652,63113,제주특별자치도 제주시 서해안로 161 (도두일동),제주특별자치도 제주시 도두1동 2626-5,1,,,33.50401597,126.4660518,
제주시,도련동,다정온누리약국,064-723-1923,63323,"제주특별자치도 제주시 건주로 33, 1층 (도련일동)",제주특별자치도 제주시 도련일동 1937번지 5호 1층,1,,,33.51644435,126.5809968,
제주시,도련동,별약국,064-723-0085,63323,"제주특별자치도 제주시 건주로 27, 1층 102호 (도련일동)",제주특별자치도 제주시 도련일동 1937번지 1호,1,,,33.51708821,126.581141,
제주시,도련동,삼화사랑약국,064-755-3545,63323,"제주특별자치도 제주시 건주로 43, 1층 (도련일동)",제주특별자치도 제주시 도련일동 1972번지 2호 1층,3,,오전 8:30 - 오후 9:00,33.515619,126.5809871,
제주시,도련동,진영약국,064-751-5657,63323,"제주특별자치도 제주시 건주로4길 6-8, SH 빌딩 103호 (도련일동)",제주특별자치도 제주시 도련일동 1938번지 3호,1,,,33.51676663,126.5802935,
제주시,도련동,시원한약국,064-753-8085,63323,"제주특별자치도 제주시 화삼북로 68, 삼화지구 신형빌딩 1층 102호 (도련일동)",제주특별자치도 제주시 도련일동 1938번지 2호 삼화지구 신형빌딩,3,,오전 9:00 - 오후 9:00,33.51706666,126.5802885,
제주시,도련동,설약국,064-723-7599,63323,"제주특별자치도 제주시 건주로 31, 한라신협 삼화지점 1층 (도련일동)",제주특별자치도 제주시 도련일동 1937번지 3호 한라신협 삼화지점,1,,,33.51677852,126.5809829,
서귀포시,동홍동,정문약국,064-733-4457,63585,"제주특별자치도 서귀포시 일주동로 8648-12 (동홍동, 정문약국)",제주특별자치도 서귀포시 동홍동 1507-32,1,,,33.25457225,126.5644287,
서귀포시,동홍동,부부약국,064-767-6013,63585,제주특별자치도 서귀포시 일주동로 8640 (동홍동),제주특별자치도 서귀포시 동홍동 1539번지 14호,1,,,33.25427957,126.5653015,
서귀포시,동홍동,한빛약국,064-762-3617,63585,제주특별자치도 서귀포시 장수로 36 (동홍동),제주특별자치도 서귀포시 동홍동 1518번지,1,,,33.25646143,126.5642476,
서귀포시,동홍동,조약국,064-763-2215,63585,제주특별자치도 서귀포시 중앙로 108 (동홍동),제주특별자치도 서귀포시 동홍동 1485-25,1,,,33.25422164,126.5611294,
서귀포시,동홍동,밝은 온누리약국,064-762-1192,63585,제주특별자치도 서귀포시 일주동로 8648-3 (동홍동),제주특별자치도 서귀포시 동홍동 1507-22,1,,,33.25420922,126.5641262,
서귀포시,동홍동,우리약국,064-739-4375,63587,"제주특별자치도 서귀포시 일주동로 8544, 1층 (동홍동, 동인빌딩)",제주특별자치도 서귀포시 동홍동 497번지 2호 1층,1,,,33.2550615,126.575544,
서귀포시,동홍동,동홍약국,064-732-1127,63588,제주특별자치도 서귀포시 동홍중앙로 49 (동홍동),제주특별자치도 서귀포시 동홍동 117-9,1,,,33.255056,126.5718352,
서귀포시,동홍동,신세계약국,064-733-7582,63589,제주특별자치도 서귀포시 태평로 505 (동홍동),제주특별자치도 서귀포시 동홍동 388-1,1,,,33.25033718,126.5714032,
서귀포시,법환동,월드컵약국,064-739-2112,63572,"제주특별자치도 서귀포시 일주동로 9213, GS25 1층 6호 (법환동)",제주특별자치도 서귀포시 법환동 843번지 GS25,1,,,33.24871234,126.5084912,
제주시,봉개동,동현약국,064-723-0490,63327,"제주특별자치도 제주시 삼봉로 327, A동 102호 (봉개동, 봉개 미소담)",제주특별자치도 제주시 봉개동 1798-5 봉개 미소담,1,,,33.49407932,126.5942191,
제주시,삼도1동,새우리약국,064-757-5149,63172,제주특별자치도 제주시 서사로 36 (삼도일동),제주특별자치도 제주시 삼도일동 751번지 18호,1,,,33.50924498,126.5196514,
제주시,삼도1동,서사라튼튼약국,064-752-7365,63182,제주특별자치도 제주시 서사로 137 (삼도일동),제주특별자치도 제주시 삼도일동 535번지 16호,3,,오전 9:00 - 오후 7:00,33.50014209,126.5200552,
제주시,삼도1동,해약국,064-725-2283,63182,제주특별자치도 제주시 서광로 263 (삼도일동),제주특별자치도 제주시 삼도일동 559-9,1,,,33.50022415,126.5245958,
제주시,삼도1동,성종약국,064-721-0224,63182,제주특별자치도 제주시 서광로 267 (삼도일동),제주특별자치도 제주시 삼도일동559-11,1,,,33.50023532,126.5249448,
제주시,삼도1동,우리약국,064-758-1894,63183,제주특별자치도 제주시 서광로 195 (삼도일동),제주특별자치도 제주시 삼도일동 518번지 10호,1,,,33.50019051,126.5174341,
제주시,삼도1동,미래약국,064-752-4955,63183,제주특별자치도 제주시 서광로 215 (삼도일동),제주특별자치도 제주시 삼도일동 534번지 10호,1,,,33.50012435,126.5195244,
제주시,삼도1동,한일온누리약국,064-725-2651,63183,"제주특별자치도 제주시 평전1길 20, 1층 (삼도일동)",제주특별자치도 제주시 삼도일동 517번지 6호,1,,,33.50059002,126.5171367,
제주시,삼도1동,금호약국,064-752-3200,63185,제주특별자치도 제주시 서광로 202 (삼도일동),제주특별자치도 제주시 삼도일동 565번지,1,,,33.49970348,126.5178752,
제주시,삼도1동,오즈약국,064-752-2030,63186,제주특별자치도 제주시 서광로 220 (삼도일동),제주특별자치도 제주시 삼도일동 570,1,,,33.49956589,126.5200809,
제주시,삼도1동,건강한약국,064-722-2004,63186,제주특별자치도 제주시 서사로 155 (삼도일동),제주특별자치도 제주시 삼도일동 571번지 1호,1,,,33.49846319,126.5200436,
제주시,삼도1동,새힘약국,064-755-4031,63187,"제주특별자치도 제주시 서광로 262, 1층 (삼도일동)",제주특별자치도 제주시 삼도일동 584-1,1,,,33.4997156,126.5244825,
제주시,삼도1동,하나로약국,064-726-0282,63183,제주특별자치도 제주시 서광로 189,제주특별자치도 제주시 삼도일동 518-5,1,,,33.50022435,126.5166539,
제주시,삼도2동,탑동보룡약국,064-726-4949,63165,"제주특별자치도 제주시 탑동로 24 (삼도이동, 형화빌딩)",제주특별자치도 제주시 삼도이동 1261번지 13호,3,,오전 8:00 - 오후 11:00,33.5175602,126.5224609,
제주시,삼도2동,관덕정약국,064-727-8558,63168,제주특별자치도 제주시 관덕로 18 (삼도이동),제주특별자치도 제주시 삼도이동 959번지 5호,1,,,33.51289497,126.5212796,
제주시,삼도2동,남문약국,064-751-9967,63170,제주특별자치도 제주시 중앙로 132,제주특별자치도 제주시 삼도이동 1234-1,1,,,33.50687216,126.5246982,
제주시,삼도2동,마트약국,064-722-7044,63165,제주특별자치도 제주시 탑동로 38 이마트,제주특별자치도 제주시 삼도이동 1259,1,,,33.51797485,126.5211773,
제주시,삼양동,삼양온누리약국,070-8900-4480,63318,"제주특별자치도 제주시 일주동로 393, 1층 (삼양이동)",제주특별자치도 제주시 삼양이동 2139번지 9호,1,,,33.52153791,126.586961,
제주시,삼양동,삼양약국,064-758-1734,63321,"제주특별자치도 제주시 일주동로 366, 1층 (삼양이동)",제주특별자치도 제주시 삼양이동 2177번지 19호,1,,,33.52088417,126.5840802,
제주시,삼양동,푸른약국,064-722-0599,63322,"제주특별자치도 제주시 화삼북로 63, 삼화빌딩 1층 102호 (삼양이동)",제주특별자치도 제주시 삼양이동 2300번지 9호 삼화빌딩,1,,,33.51749917,126.5798668,
제주시,삼양동,대원온누리약국,064-727-1190,63322,"제주특별자치도 제주시 화삼북로 139, 1층 (삼양이동)",제주특별자치도 제주시 삼양이동 2332번지 6호 1층,1,,,33.5172612,126.5879882,
서귀포시,서귀동,다나약국,064-762-6354,63590,제주특별자치도 서귀포시 일주동로 8675 (서귀동),제주특별자치도 서귀포시 서귀동 284번지 7호,1,,,33.25301903,126.5616892,
서귀포시,서귀동,열방약국,064-732-1190,63590,제주특별자치도 서귀포시 일주동로 8673 (서귀동),제주특별자치도 서귀포시 서귀동 284-34,1,,,33.25303755,126.5618265,
서귀포시,서귀동,동문약국,064-767-4889,63590,"제주특별자치도 서귀포시 중정로 109, 102호 (서귀동)",제주특별자치도 서귀포시 서귀동 251번지 6호,1,,,33.24883285,126.5681571,
서귀포시,서귀동,현강약국,064-762-6050,63590,제주특별자치도 서귀포시 동문로 5 (서귀동),제주특별자치도 서귀포시 서귀동 284번지 5호,1,,,33.25234235,126.5620703,
서귀포시,서귀동,동산프라자약국,064-762-3532,63591,제주특별자치도 서귀포시 중앙로 86 (서귀동),제주특별자치도 서귀포시 서귀동 287번지 3호,1,,,33.25227118,126.5613195,
서귀포시,서귀동,서울약국,064-762-3530,63591,제주특별자치도 서귀포시 중정로 71 (서귀동),제주특별자치도 서귀포시 서귀동 274번지 9호,1,,,33.24818365,126.564014,
서귀포시,서귀동,유선약국,064-762-3273,63591,제주특별자치도 서귀포시 중정로73번길 3-1 (서귀동),제주특별자치도 서귀포시 서귀동 274번지 13호,1,,,33.24846473,126.5639482,
서귀포시,서귀동,중앙약국,064-762-4958,63591,제주특별자치도 서귀포시 중정로 65 (서귀동),제주특별자치도 서귀포시 서귀동 274번지 4호,1,,,33.2480513,126.5632978,
서귀포시,서귀동,종로약국,064-733-0307,63591,"제주특별자치도 서귀포시 중앙로42번길 8, 강원청과 (서귀동)",제주특별자치도 서귀포시 서귀동 293-19 강원청과,1,,,33.24810113,126.5631087,
서귀포시,서귀동,은성약국,064-732-1346,63591,제주특별자치도 서귀포시 중앙로42번길 46 (서귀동),제주특별자치도 서귀포시 서귀동 256번지 1호,1,,,33.24932421,126.5663347,
서귀포시,서귀동,삼일약국,064-733-3031,63592,제주특별자치도 서귀포시 중앙로 37 (서귀동),제주특별자치도 서귀포시 서귀동 294번지 21호,1,,,33.24799839,126.5615855,
서귀포시,서귀동,새현대약국,064-733-6143,63592,"제주특별자치도 서귀포시 중앙로 35-1, 현대약국 (서귀동)",제주특별자치도 서귀포시 서귀동 294-30,1,,,33.24785988,126.5616117,
서귀포시,서귀동,서귀포약국,064-762-6000,63593,제주특별자치도 서귀포시 중앙로 89 (서귀동),제주특별자치도 서귀포시 서귀동 301번지 10호,1,,,33.25259621,126.560425,
서귀포시,서귀동,김약국,064-732-7052,63595,제주특별자치도 서귀포시 중정로 54-1 (서귀동),제주특별자치도 서귀포시 서귀동 425번지 1호,1,,,33.24751016,126.5622275,
서귀포시,서귀동,동의당약국,064-732-0195,63595,제주특별자치도 서귀포시 이중섭로 1 (서귀동),제주특별자치도 서귀포시 서귀동 406번지 15호,1,,,33.24791413,126.56429,
서귀포시,서귀동,늘푸른약국,064-762-1259,63595,"제주특별자치도 서귀포시 중정로 50 (서귀동, 늘푸른약국)",제주특별자치도 서귀포시 서귀동 427-14,1,,,33.24738561,126.5616787,
서귀포시,서귀동,민제약국,064-732-3646,63595,제주특별자치도 서귀포시 중정로 66-2 (서귀동),제주특별자치도 서귀포시 서귀동 370번지 29호,1,,,33.24778886,126.5635352,
서귀포시,서귀동,광진당약국,064-732-8275,63595,제주특별자치도 서귀포시 중정로 68 (서귀동),제주특별자치도 서귀포시 서귀동 370번지 16호,1,,,33.24780718,126.5636167,
서귀포시,서귀동,오름약국,064-803-0550,63595,"제주특별자치도 서귀포시 중정로 70, 1층 (서귀동)",제주특별자치도 서귀포시 서귀동 370번지 12호,1,,,33.24777735,126.5638342,
서귀포시,서귀동,수정약국,064-762-2779,63596,제주특별자치도 서귀포시 태평로 424 (서귀동),제주특별자치도 서귀포시 서귀동 555번지 4호,1,,,33.24513435,126.5655657,
서귀포시,서호동,연이수온누리약국,064-738-3443,63568,"제주특별자치도 서귀포시 서호남로 91, 1층 105호 (서호동, 서귀포혁신 사랑으로 부영아파트)",제주특별자치도 서귀포시 서호동 1534번지 서귀포혁신 사랑으로 부영아파트,1,,,33.25314802,126.522288,
서귀포시,서홍동,광장약국,064-733-1733,63584,제주특별자치도 서귀포시 중앙로 113 (서홍동),제주특별자치도 서귀포시 서홍동 397-80,1,,,33.25480002,126.560487,
서귀포시,서홍동,최고약국,064-762-8696,63584,제주특별자치도 서귀포시 일주동로 8696 (서홍동),제주특별자치도 서귀포시 서홍동 441번지 24호,1,,,33.25310456,126.559358,
서귀포시,성산읍,제일약국,064-783-0606,63640,제주특별자치도 서귀포시 성산읍 동류암로36번길  23,제주특별자치도 서귀포시 성산읍 고성리 313번지 5호,1,,,33.44961717,126.9150752,
서귀포시,성산읍,태양약국,064-784-7817,63640,제주특별자치도 서귀포시 성산읍 고성오조로  67,제주특별자치도 서귀포시 성산읍 1131번지 3호,1,,,33.44958077,126.9145934,
서귀포시,성산읍,제주사랑약국,064-782-3075,63640,제주특별자치도 서귀포시 성산읍 고성오조로 74,제주특별자치도 서귀포시 성산읍 고성리 308번지 2호,1,,,33.45025182,126.9149541,
서귀포시,성산읍,동남온누리약국,064-782-5417,63641,"제주특별자치도 서귀포시 성산읍 일출로 4, 케이빌딩",제주특별자치도 서귀포시 성산읍 고성리 1100-13 케이빌딩,1,,,33.44711975,126.9132962,
서귀포시,성산읍,새한약국,064-784-3001,63643,제주특별자치도 서귀포시 성산읍 성산중앙로 39,제주특별자치도 서귀포시 성산읍 성산리 181번지 15호,1,,,33.46332558,126.9333102,
제주시,아라동,더나은약국,064-756-1231,63227,"제주특별자치도 제주시 승천로 75, 1층 (아라이동)",제주특별자치도 제주시 아라이동 3001-11,1,,,33.4922384,126.5431769,
제주시,아라동,오케이약국,064-723-6690,63231,"제주특별자치도 제주시 승천로 74, 1층 (아라이동)",제주특별자치도 제주시 아라이동 3012번지 12호 1층,1,,,33.49219265,126.5425795,
제주시,아라동,킴스약국,064-723-3507,63237,"제주특별자치도 제주시 중앙로 552, 1층 (아라일동)",제주특별자치도 제주시 아라일동 6092번지 2호 1층,1,,,33.47423478,126.5453537,
제주시,아라동,다정약국,064-721-8337,63237,"제주특별자치도 제주시 아란7길 18, 1층 101호 (아라일동)",제주특별자치도 제주시 아라일동 6097-19,1,,,33.47458162,126.5435122,
제주시,아라동,도담약국,070-4100-6333,63237,"제주특별자치도 제주시 아란9길 6, 1층 (아라일동)",제주특별자치도 제주시 아라일동 6091번지 7호,1,,,33.47260163,126.5450358,
제주시,아라동,햇님온누리약국,064-726-1923,63237,"제주특별자치도 제주시 중앙로 560, 1층 (아라일동)",제주특별자치도 제주시 아라일동 6092-7,1,,,33.4736954,126.5453701,
제주시,아라동,아라동대한약국,064-723-3311,63238,제주특별자치도 제주시 아란13길 10 (아라일동),제주특별자치도 제주시 아라일동 6079번지 7호,1,,,33.46911727,126.5464263,
제주시,아라동,아라종합약국,064-724-7321,63238,"제주특별자치도 제주시 아란13길 20, 101호 (아라일동)",제주특별자치도 제주시 아라일동 6078번지 6호 101호,1,,,33.46907194,126.5455437,
제주시,아라동,제주누리약국,064-756-8249,63241,제주특별자치도 제주시 중앙로 616 (아라일동),제주특별자치도 제주시 아라일동 1798,1,,,33.4689035,126.5471532,
제주시,아라동,건강일등약국,064-727-8321,63241,"제주특별자치도 제주시 중앙로 616, 1층 (아라일동)",제주특별자치도 제주시 아라일동 1798번지,3,,오전 9:00 - 오후 8:00,33.468659,126.546939,
제주시,아라동,민성약국,064-722-1010,63247,"제주특별자치도 제주시 중앙로 543, 1층 (아라일동)",제주특별자치도 제주시 아라일동 6105번지 2호,1,,,33.47501466,126.5457464,
제주시,아라동,힘찬약국,064-721-6607,63247,"제주특별자치도 제주시 인다10길 35, 1층 (아라일동)",제주특별자치도 제주시 아라일동 6116번지 8호,1,,,33.4746302,126.5493983,
제주시,아라동,대학약국,064-722-3033,63248,제주특별자치도 제주시  중앙로  611 (아라일동),제주특별자치도 제주시 아라일동 6140번지 10호,1,,,33.46967202,126.5473621,
서귀포시,안덕면,한양약국,064-792-7792,63530,제주특별자치도 서귀포시 안덕면 화순로 110,제주특별자치도 서귀포시 안덕면 화순리 1079번지 1호,1,,,33.24659817,126.3346297,
서귀포시,안덕면,화순약국,064-792-2122,63530,제주특별자치도 서귀포시 안덕면 화순로 113,제주특별자치도 서귀포시 안덕면 1069번지 6호,1,,,33.24630725,126.3341812,
제주시,애월읍,대동약국,064-799-8808,63034,"제주특별자치도 제주시 애월읍 곽지7길 1, 2층",제주특별자치도 제주시 애월읍 곽지리 1635번지,1,,,33.45005238,126.3083998,
제주시,애월읍,아라약국,064-799-4460,63043,제주특별자치도 제주시 애월읍 애월로 120,제주특별자치도 제주시 애월읍 애월리 1584번지 5호,1,,,33.46437856,126.3199709,
제주시,애월읍,하귀약국,064-713-2927,63051,제주특별자치도 제주시 애월읍 하귀로 35,제주특별자치도 제주시 애월읍 하귀2리 1875번지 6호,1,,,33.48034674,126.4009847,
제주시,애월읍,송약국,064-712-8538,63051,제주특별자치도 제주시 애월읍 하귀로 77,제주특별자치도 제주시 애월읍 하귀2리 1435번지,1,,,33.48175613,126.4050129,
제주시,애월읍,곰온누리약국,064-747-6174,63054,"제주특별자치도 제주시 애월읍 하귀9길 2, 1층 106호",제주특별자치도 제주시 애월읍 하귀1리 117번지 1호,1,,,33.48641829,126.4145655,
제주시,애월읍,하귀하나로약국,064-742-8434,63054,제주특별자치도 제주시 애월읍 일주서로 7136,제주특별자치도 제주시 애월읍 하귀1리 190번지 1호,1,,,33.48506119,126.4121592,
제주시,애월읍,동백약국,064-904-1102,63054,"제주특별자치도 제주시 애월읍 하귀9길 1, 1층 103호",제주특별자치도 제주시 애월읍 하귀1리 116-1,1,,,33.48673936,126.4149693,
제주시,연동,새한온누리약국,064-742-1348,63123,"제주특별자치도 제주시 신대로 128 (연동,신대로128)",제주특별자치도 제주시 연동 303번지 15호 신대로128,1,,,33.4858518,126.4960596,
제주시,연동,태평양약국,064-744-3236,63123,"제주특별자치도 제주시 연동7길 30, 1층 (연동)",제주특별자치도 제주시 연동 273번지 8호,1,,,33.48723026,126.4905281,
제주시,연동,백록담약국,064-745-3326,63124,"제주특별자치도 제주시 신대로12길 51, 로얄쇼핑센타및오피스텔 지하1층 1,2호 (연동)",제주특별자치도 제주시 연동 272-33 로얄쇼핑센타및오피스텔,1,,,33.48857117,126.4911132,
제주시,연동,한라프라자약국,064-743-2098,63124,"제주특별자치도 제주시 삼무로 46, 1층 (연동)",제주특별자치도 제주시 연동 272번지 27호,1,,,33.48964845,126.4915452,
제주시,연동,에이스팜플러스약국,064-711-5553,63124,제주특별자치도 제주시 신대로14길 56 (연동),제주특별자치도 제주시 연동 272-20,3,,오전 8:00 - 오전 4:00,33.48799534,126.4904812,
제주시,연동,낙산약국,064-744-2688,63127,"제주특별자치도 제주시 도령로 87, 현대오피스텔 1층 106,107호 (연동)",제주특별자치도 제주시 연동 2324번지 5호 현대오피스텔,3,,오전 9:00 - 오후 9:00,33.49086883,126.4872755,
제주시,연동,제주약국,064-713-8575,63127,"제주특별자치도 제주시 성신로 13-8 (연동,이화아파트상가 102호, 103호)","제주특별자치도 제주시 연동 1965번지 3호 이화아파트상가 102호, 103호",1,,,33.4908428,126.4849749,
제주시,연동,신제주대웅약국,064-747-8811,63127,제주특별자치도 제주시 성신로 13-8 (연동),제주특별자치도 제주시 연동 1965-3,1,,,33.490762,126.484852,
제주시,연동,한라산약국,064-749-6660,63127,제주특별자치도 제주시 성신로 13-4 (연동),제주특별자치도 제주시 연동 1965번지 2호,1,,,33.49098361,126.4852104,
제주시,연동,제주토마토약국,064-712-4003,63127,"제주특별자치도 제주시 도령로 73, 1층 101호 (연동, 연동 펠리체)",제주특별자치도 제주시 연동 1964번지 3호 연동 펠리체,3,,오전 8:30 - 오후 9:00,33.489926,126.485765,
제주시,연동,마음약국,064-900-4057,63127,"제주특별자치도 제주시 도령로 73, 103호 (연동, 연동 펠리체)",제주특별자치도 제주시 연동 1964-3 연동 펠리체,1,,,33.4900104,126.4859239,
제주시,연동,신한온누리약국,064-744-1783,63129,제주특별자치도 제주시 도령로 74 (연동),제주특별자치도 제주시 연동 251번지 17호,1,,,33.48974154,126.486333,
제주시,연동,홍익한약국,064-749-8818,63131,"제주특별자치도 제주시 노연로 87, 102호 (연동, 연동ABC주상복합)",제주특별자치도 제주시 연동 262번지 18호,1,,,33.48604828,126.489456,
제주시,연동,자연약국,064-712-1596,63132,"제주특별자치도 제주시 노연로 90, 1층 (연동)",제주특별자치도 제주시 연동 263번지 1호,3,,오전 9:00 - 오후 10:30,33.48572622,126.4897158,
제주시,연동,신세계약국,064-746-3983,63133,"제주특별자치도 제주시 연동8길 7 (연동,1층)",제주특별자치도 제주시 연동 274번지 22호 1층,1,,,33.48514143,126.4908076,
제주시,연동,New제주약국,064-752-5244,63133,제주특별자치도 제주시 연동8길 8 (연동),제주특별자치도 제주시 연동 274번지 60호,1,,,33.48513373,126.4905142,
제주시,연동,하나약국,064-748-2800,63136,"제주특별자치도 제주시 연북로 99, 1층 (연동, 365빌딩)",제주특별자치도 제주시 연동 1373번지,3,,오전 9:00 - 오후 11:00,33.48211393,126.4920059,
제주시,연동,동인한약국,064-711-8811,63136,"제주특별자치도 제주시 신광로 105, 1층 (연동, 연동하늘그린)",제주특별자치도 제주시 연동 276번지 11호,1,,,33.48261311,126.4900672,
제주시,연동,희망약국,064-744-0655,63138,"제주특별자치도 제주시 연북로 76, 한성빌딩 1층 (연동)",제주특별자치도 제주시 연동 1371번지 4호 한성빌딩,1,,,33.48154873,126.4893992,
제주시,연동,광주약국,064-712-7116,63139,제주특별자치도 제주시 국기로 7 (연동),제주특별자치도 제주시 연동 1457번지 1호,1,,,33.48114413,126.4900418,
제주시,연동,부부온누리약국,064-742-5252,63123,제주특별자치도 제주시 신대로16길 41,제주특별자치도 제주시 연동 283-12,1,,,33.48676363,126.4921393,
제주시,오라동,맘꽃약국,064-747-2966,63145,"제주특별자치도 제주시 연오로 59, 이룸프라자 101호 (오라삼동)",제주특별자치도 제주시 오라삼동 2997번지,1,,,33.48793087,126.5020579,
제주시,외도1동,큰곰약국,064-746-1133,63069,"제주특별자치도 제주시 우평로 338, 1층 (외도일동)",제주특별자치도 제주시 외도일동 644번지 3호,1,,,33.48419446,126.4305346,
제주시,외도1동,외도약국,064-712-1953,63069,"제주특별자치도 제주시 우정로 70, 1층 (외도일동)",제주특별자치도 제주시 외도일동 544번지 13호 1층,1,,,33.48661694,126.430634,
제주시,외도1동,부원약국,064-900-4338,63069,"제주특별자치도 제주시 우정로8길 2, 1층 (외도일동)",제주특별자치도 제주시 외도일동 475번지 5호,1,,,33.48936393,126.4306794,
제주시,외도1동,우리들약국,064-712-6543,63069,제주특별자치도 제주시 우정로 56 (외도일동),제주특별자치도 제주시 외도일동 498번지 6호,1,,,33.48797699,126.4307311,
제주시,외도1동,착한약국,064-744-6314,63070,"제주특별자치도 제주시 우정로15길 5, 1층 (외도일동)",제주특별자치도 제주시 외도일동 639번지 3호 1층,1,,,33.48609336,126.4317271,
제주시,외도1동,드림약국,064-742-0938,63070,제주특별자치도 제주시 우정로 63 (외도일동),제주특별자치도 제주시 외도일동 548번지 4호 1층,1,,,33.48713632,126.4311184,
제주시,외도1동,밝은약국,064-743-2577,63070,"제주특별자치도 제주시 우정로 69, 1층 (외도일동)",제주특별자치도 제주시 외도일동 549번지 3호,1,,,33.48665569,126.4311189,
제주시,외도1동,바다약국,064-805-1144,63070,"제주특별자치도 제주시 절물1길 39, 1층 (외도일동)",제주특별자치도 제주시 외도일동 479번지 2호,1,,,33.48938837,126.4317008,
제주시,외도1동,알로하약국,064-723-9090,63070,"제주특별자치도 제주시 우정로15길 1, 1층 106호 (외도일동, 대원상록수11차아파트)",제주특별자치도 제주시 외도일동 549번지 5호 대원상록수11차아파트,1,,,33.48613068,126.4312336,
제주시,외도동,가정온누리약국,064-711-5275,63070,제주특별자치도 제주시 우정로 57,제주특별자치도 제주시 외도일동 548-1,1,,,33.48769916,126.4311134,
제주시,용담1동,영신온누리약국,064-722-0371,63154,제주특별자치도 제주시 서문로 68 (용담일동),제주특별자치도 제주시 용담1동 144번지 8호,1,,,33.51173972,126.5183857,
제주시,용담1동,온누리대우약국,064-753-3390,63184,제주특별자치도 제주시 서광로 171 (용담일동),제주특별자치도 제주시 용담1동 2829번지 7호,1,,,33.50024961,126.514722,
제주시,용담1동,보은약국,064-757-5763,63184,제주특별자치도 제주시  서광로  175 (용담일동),제주특별자치도 제주시 용담1동 2829번지 14호,1,,,33.50031803,126.515203,
제주시,용담1동,수성약국,064-751-2526,63184,제주특별자치도 제주시 서광로 173 (용담일동),제주특별자치도 제주시 용담1동 2829번지 3호,1,,,33.50024437,126.5149478,
제주시,용담1동,무등약국,064-722-5529,63184,제주특별자치도 제주시 서광로 157,제주특별자치도 제주시 용담1동 2824-15,1,,,33.50031661,126.5132751,
제주시,용담2동,제주공항약국,064-743-3213,63115,"제주특별자치도 제주시 공항로 2, 3층 (용담이동, 국제공항)",제주특별자치도 제주시 용담이동 2002번지,1,,,33.50593647,126.4959513,
제주시,용담2동,우주약국,070-4111-6964,63156,"제주특별자치도 제주시 용담로 92 (용담이동,1층)",제주특별자치도 제주시 용담2동 359번지 54호 1층,1,,,33.51191481,126.5123473,
제주시,용담2동,상아약국,064-711-3770,63156,제주특별자치도 제주시 흥운길 6 (용담이동),제주특별자치도 제주시 용담2동 357번지 46호,1,,,33.50969928,126.5110538,
제주시,용담2동,용담온누리약국,064-712-0259,63157,제주특별자치도 제주시 용담로 46 (용담이동),제주특별자치도 제주시 용담2동 593번지 3호,1,,,33.51276853,126.5076523,
제주시,용담2동,예약국,064-748-1556,63164,"제주특별자치도 제주시 서광로 83, 1층 (용담이동, 예나빌딩)",제주특별자치도 제주시 용담이동 2757번지 1호 1층,1,,,33.50060795,126.5049567,
제주시,용담2동,제주유명약국,064-711-4587,63156,제주특별자치도 제주시 용문로 163 유명약국,제주특별자치도 제주시 용담이동 624-33,1,,,33.50927828,126.5108119,
제주시,이도1동,동보약국,064-757-5833,63192,제주특별자치도 제주시 오현길 78 (이도일동),제주특별자치도 제주시 이도일동 1426번지,1,,,33.51173689,126.5255491,
제주시,이도1동,인수당건재약국,064-722-3030,63192,제주특별자치도 제주시 관덕로 54-2 (이도일동),제주특별자치도 제주시 이도일동 1355번지 3호,1,,,33.51295386,126.5251743,
제주시,이도1동,광제약국,064-722-6634,63192,제주특별자치도 제주시 중앙로 61 (이도일동),제주특별자치도 제주시 이도일동 1359번지,1,,,33.5126643,126.5248054,
제주시,이도1동,동우약국,064-757-7680,63192,"제주특별자치도 제주시 중앙로15길 2 (이도일동,1층)",제주특별자치도 제주시 이도일동 1452번지 1호 1층,1,,,33.51053003,126.5242815,
제주시,이도1동,현대약국,064-722-0392,63192,제주특별자치도 제주시 중앙로 77 (이도일동),제주특별자치도 제주시 이도일동 1413번지 1호 1층,1,,,33.51124119,126.5245607,
제주시,이도1동,새중앙약국,064-725-0655,63192,"제주특별자치도 제주시 중앙로 61, 1층 (이도일동)",제주특별자치도 제주시 이도일동 1359번지 1호,1,,,33.5126643,126.5248054,
제주시,이도1동,정민당약국,064-722-3337,63194,제주특별자치도 제주시 중앙로 127 (이도일동),제주특별자치도 제주시 이도일동 1709번지 16호,3,,오전 9:00 - 오후 7:00,33.50731144,126.5248002,
제주시,이도1동,연세익약국,064-725-9454,63197,"제주특별자치도 제주시 중앙로 175, 1층 (이도일동)",제주특별자치도 제주시 이도일동 1289-15,1,,,33.50356568,126.5273669,
제주시,이도1동,365건강온누리약국,064-755-3157,63198,"제주특별자치도 제주시 서광로 297, 1층 (이도일동)",제주특별자치도 제주시 이도일동 1774번지 8호,1,,,33.50073528,126.5282082,
제주시,이도1동,고운약국,064-723-1339,63199,제주특별자치도 제주시 서광로 273,제주특별자치도 제주시 이도일동 1782-7,1,,,33.50041766,126.525662,
제주시,이도1동,웅진약국,064-723-7677,63197,제주특별자치도 제주시 중앙로 195,제주특별자치도 제주시 이도일동 1260-10,1,,,33.5020001,126.5284389,
제주시,이도2동,늘좋은약국,064-751-2277,63206,제주특별자치도 제주시 중앙로 284 (이도이동),제주특별자치도 제주시 이도이동 1019번지 1층,1,,,33.49506736,126.5330026,
제주시,이도2동,센타약국,064-752-3050,63206,"제주특별자치도 제주시 중앙로 266, 1층 102호 (이도이동, 영도 갤럭시타운)",제주특별자치도 제주시 이도이동 1011번지 3호 영도 갤럭시타운,1,,,33.49613004,126.5317999,
제주시,이도2동,사랑약국,064-721-0043,63206,제주특별자치도 제주시 중앙로 286 (이도이동),제주특별자치도 제주시 이도이동 1019번지 11호,3,,오전 9:00 - 오후 11:00,33.49475733,126.5329613,
제주시,이도2동,행복약국,064-727-1300,63207,"제주특별자치도 제주시 중앙로 337, 104호 (이도이동, 다우빌딩)",제주특별자치도 제주시 이도이동 1995-3,1,,,33.49149016,126.537247,
제주시,이도2동,청사약국,070-7757-7271,63207,"제주특별자치도 제주시 중앙로 234, 1층 (이도이동)",제주특별자치도 제주시 이도이동 1768번지 11호,1,,,33.49884046,126.5301455,
제주시,이도2동,100세약국,064-702-0103,63207,제주특별자치도 제주시 서광로 300-1 (이도이동),제주특별자치도 제주시 이도이동 1773번지 3호,1,,,33.50039159,126.5286339,
제주시,이도2동,정다운약국,064-722-7222,63207,제주특별자치도 제주시 서광로 302 (이도이동),제주특별자치도 제주시 이도이동 1773-5,1,,,33.50033249,126.5288597,
제주시,이도2동,힐링약국,064-702-2332,63207,"제주특별자치도 제주시 서광로 278, 1층 101호 (이도이동, 줌타워)",제주특별자치도 제주시 이도이동 1781번지 5호 줌타워 101호,1,,,33.49998168,126.526212,
제주시,이도2동,참약국,064-753-6541,63207,"제주특별자치도 제주시 서광로 294, 1층 (이도이동)",제주특별자치도 제주시 이도이동 1776번지 10호,1,,,33.50020427,126.5278843,
제주시,이도2동,둘셋약국,064-722-3388,63210,"제주특별자치도 제주시 연삼로 395, 1층 (이도이동)",제주특별자치도 제주시 이도이동 1058번지 12호,1,,,33.49517182,126.5337576,
제주시,이도2동,세브란스약국,064-722-5711,63214,제주특별자치도 제주시 동광로 90 (이도이동),제주특별자치도 제주시 이도이동 315번지 15호,1,,,33.50481566,126.5377394,
제주시,이도2동,주원약국,064-752-2321,63222,제주특별자치도 제주시 중앙로 318 (이도이동),제주특별자치도 제주시 이도이동 1026번지 12호,1,,,33.49264917,126.5352724,
제주시,이도2동,시온온누리약국,064-755-7458,63223,"제주특별자치도 제주시 중앙로 319-1, 1층 (이도이동)",제주특별자치도 제주시 이도이동 1080번지 21호,1,,,33.49270785,126.5359904,
제주시,이도2동,영주약국,064-722-5593,63227,제주특별자치도 제주시  연신로  46 (이도이동),제주특별자치도 제주시 이도이동 1941번지 1호,1,,,33.49699936,126.5462706,
제주시,이도2동,봄여울약국,064-726-8845,63227,"제주특별자치도 제주시 신설로7길 57, 제이힐링센터 (이도이동)",제주특별자치도 제주시 이도이동 1950-1 제이힐링센터,1,,,33.4956113,126.5472665,
제주시,이도2동,남광약국,064-757-6015,63230,제주특별자치도 제주시 남광로2길 43 (이도이동),제주특별자치도 제주시 이도이동 1981번지 9호,1,,,33.48925894,126.5400419,
제주시,이도2동,제주튼튼한약국,064-752-2526,63230,"제주특별자치도 제주시 중앙로 371, 1층 (이도이동)",제주특별자치도 제주시 이도이동 1986번지 2번지,1,,,33.48917435,126.5394318,
제주시,이도2동,우리동네약국,064-755-1978,63231,제주특별자치도 제주시 중앙로 355 (이도이동),제주특별자치도 제주시 이도이동 1987-4,1,,,33.49017231,126.5385292,
제주시,이도2동,더한빛약국,064-901-0230,63232,"제주특별자치도 제주시 중앙로 380, 1층 (이도이동)",제주특별자치도 제주시 이도이동 2018번지 5호,1,,,33.48825339,126.5393861,
제주시,이도2동,베스트약국,064-752-7525,63232,제주특별자치도 제주시 중앙로 354 (이도이동),제주특별자치도 제주시 이도이동 2006번지 4호,1,,,33.49008534,126.5377157,
제주시,이도2동,더블유스토어 이도약국,070-8900-3399,63232,제주특별자치도 제주시 중앙로 366 (이도이동),제주특별자치도 제주시 이도이동 2007번지 12호,1,,,33.48921794,126.5384734,
제주시,이도2동,한우리약국,064-723-8484,63228,제주특별자치도 제주시 연신로 51,제주특별자치도 제주시 이도이동 257-6,1,,,33.49685013,126.5469053,
제주시,이호동,지아약국,064-742-2175,63094,"제주특별자치도 제주시 억삼길 35-57, 가동 1층 4호 (이호이동)",제주특별자치도 제주시 이호이동 24,1,,,33.4917883,126.47119,
제주시,이호동,제주예스약국,064-744-5551,63094,"제주특별자치도 제주시 억삼길 35-57, 가동 1층 3호 (이호이동)",제주특별자치도 제주시 이호이동 24번지 가동 1층4호,1,,,33.4917616,126.4712633,
제주시,일도1동,유진약국,064-753-7116,63192,제주특별자치도 제주시 관덕로 60 (일도일동),제주특별자치도 제주시 일도일동 1471번지 2호,1,,,33.51294077,126.5257116,
제주시,일도1동,정성약국,064-702-2255,63192,제주특별자치도 제주시 관덕로 66 (일도일동),제주특별자치도 제주시 일도일동 1476번지 21호,1,,,33.51286814,126.5262868,
제주시,일도1동,조일약국,064-758-2270,63277,제주특별자치도 제주시 관덕로 63 (일도일동),제주특별자치도 제주시 일도일동1473-6,1,,,33.51327983,126.5260815,
제주시,일도1동,보림약국,064-722-3788,63278,제주특별자치도 제주시 동문로 35 (일도일동),제주특별자치도 제주시 일도일동 1084번지 23호,1,,,33.51310365,126.5304099,
제주시,일도1동,위생약국,064-753-2630,63264,제주특별자치도 제주시 동문로 40,제주특별자치도 제주시 일도일동 1070-6,1,,,33.51289656,126.5308414,
제주시,일도2동,고승아약국,064-726-6988,63253,제주특별자치도 제주시 동광로 131 (일도이동),제주특별자치도 제주시 일도이동 357번지 12호,1,,,33.50794136,126.5404718,
제주시,일도2동,보람약국,064-723-8518,63253,제주특별자치도 제주시 고마로 53 (일도이동),제주특별자치도 제주시 일도이동 329번지 14호,1,,,33.50950025,126.539704,
제주시,일도2동,화신온누리약국,064-722-2944,63253,제주특별자치도 제주시 동광로 129 (일도이동),제주특별자치도 제주시 일도이동 357번지 11호,1,,,33.50787104,126.5403761,
제주시,일도2동,올리브약국,064-751-5101,63253,제주특별자치도 제주시 동광로 133 (일도이동),제주특별자치도 제주시 일도이동 357번지 13호,1,,,33.50807721,126.5407817,
제주시,일도2동,우성약국,064-722-6019,63255,제주특별자치도 제주시 천수로 53 수은빌딩 1층,제주특별자치도 제주시 일도이동 416-15 1층,3,,오전 8:30 - 오후 9:00,33.50414234,126.5422292,
제주시,일도2동,메디칼약국,064-726-2200,63259,"제주특별자치도 제주시 고마로 149 (일도이동, 회광빌딩)",제주특별자치도 제주시 일도이동 68번지 11호,1,,,33.50150463,126.5435703,
제주시,일도2동,강약국,064-726-6366,63259,제주특별자치도 제주시 고마로 147 (일도이동),제주특별자치도 제주시 일도이동 68번지 10호,1,,,33.50166411,126.5434691,
제주시,일도2동,최약국,064-755-3566,63260,"제주특별자치도 제주시 연삼로 548, 1층 (일도이동)",제주특별자치도 제주시 일도이동 74번지,1,,,33.50239738,126.5474536,
제주시,일도2동,소망약국,064-702-8828,63265,"제주특별자치도 제주시 동문로 76, 1층 (일도이동)",제주특별자치도 제주시 일도이동 992번지 7호 1층,1,,,33.51350126,126.5348097,
제주시,일도2동,참사랑약국,064-752-8875,63265,"제주특별자치도 제주시 동문로 70 (일도이동, 화인퍼스트빌 9차)",제주특별자치도 제주시 일도이동 993-6 화인퍼스트빌 9차,1,,,33.51325906,126.5340328,
제주시,일도2동,조은약국,064-721-7271,63266,제주특별자치도 제주시 동문로20길 1 (일도이동),제주특별자치도 제주시 일도이동 981번지 23호,1,,,33.51363089,126.5366322,
제주시,일도2동,신산약국,064-722-7290,63268,"제주특별자치도 제주시 성지로 76-1 (일도이동,1층)",제주특별자치도 제주시 일도이동 1027번지 5호 1층,1,,,33.51152505,126.5313623,
제주시,일도2동,해오름약국,064-722-3755,63273,제주특별자치도 제주시 동광로 107 (일도이동),제주특별자치도 제주시 일도이동 360번지 3호,1,,,33.50639227,126.538756,
제주시,일도2동,수약국,064-759-0587,63275,"제주특별자치도 제주시 동광로 124, 1층 (일도이동)",제주특별자치도 제주시 일도이동 367번지,3,,오전 9:00 - 오후 8:00,33.50698673,126.5402939,
제주시,일도2동,명원약국,064-753-0660,63275,"제주특별자치도 제주시 동광로 100 (일도이동,1층)",제주특별자치도 제주시 일도이동 365번지 13호 1층,1,,,33.50550196,126.5384436,
제주시,일도2동,인제약국,064-724-7276,63275,제주특별자치도 제주시 동광로 108-1 (일도이동),제주특별자치도 제주시 일도이동 365번지,1,,,33.50604608,126.5391486,
제주시,일도2동,인화온누리약국,064-724-7272,63275,제주특별자치도 제주시 동광로 110 (일도이동),제주특별자치도 제주시 일도이동 365번지 16호,1,,,33.50612984,126.5392465,
제주시,조천읍,한사랑약국,064-784-3336,63331,제주특별자치도 제주시 조천읍 신북로 217,제주특별자치도 제주시 조천읍 조천리 2386번지,1,,,33.53577381,126.6360339,
제주시,조천읍,조천약국,064-783-8989,63331,제주특별자치도 제주시 조천읍 신북로 226,제주특별자치도 제주시 조천읍 조천리 2317번지 6호,2,월/수/금,,33.53600149,126.6371794,
제주시,조천읍,대한약국,064-784-3432,63333,제주특별자치도 제주시 조천읍 조함해안로 488-6,제주특별자치도 제주시 조천읍 함덕리 1252-3,1,,,33.54230384,126.6646353,
제주시,조천읍,신한당약국,064-783-8087,63333,제주특별자치도 제주시 조천읍 신북로 530,제주특별자치도 제주시 조천읍 함덕리 1277번지 2호,3,,오전 8:30 - 오후 9:00,33.54150185,126.6663618,
제주시,조천읍,영재약국,064-783-1959,63333,제주특별자치도 제주시 조천읍 신북로 510-1,제주특별자치도 제주시 조천읍 함덕리 1253-3,2,월/화/수/목/금/토,,33.54211283,126.6644173,
제주시,조천읍,나라약국,064-782-3700,63333,제주특별자치도 제주시 조천읍 신북로  523,제주특별자치도 제주시 조천읍 함덕리 1269번지 1호,1,,,33.5420394,126.665971,
제주시,조천읍,함덕하나로약국,064-784-8434,63334,제주특별자치도 제주시 조천읍 함와로 40,제주특별자치도 제주시 조천읍 함덕리 72-4,1,,,33.53656601,126.6749122,
제주시,조천읍,봄날온누리약국,064-782-7587,63337,"제주특별자치도 제주시 조천읍 신북로 46, 1층",제주특별자치도 제주시 조천읍 신촌리 1818-5,1,,,33.53286726,126.6192143,
서귀포시,중문동,율약국,064-738-2115,63545,제주특별자치도 서귀포시 중문로 1 (중문동),제주특별자치도 서귀포시 중문동 2114번지 3호,1,,,33.25200205,126.4229942,
서귀포시,중문동,다온약국,064-738-4499,63545,"제주특별자치도 서귀포시 중문로 7 (중문동, 다온아파트)",제주특별자치도 서귀포시 중문동 2108-1,1,,,33.25269465,126.4230283,
서귀포시,중문동,천제연약국,070-7756-4200,63546,제주특별자치도 서귀포시 천제연로 174 (중문동),제주특별자치도 서귀포시 중문동 2117번지 4호,1,,,33.2517074,126.4232279,
서귀포시,중문동,한마음약국,064-739-0381,63546,제주특별자치도 서귀포시 천제연로 210-1 (중문동),제주특별자치도 서귀포시 중문동 1964번지 3호,1,,,33.25148698,126.4270367,
서귀포시,중문동,중문약국,064-739-9687,63546,제주특별자치도 서귀포시 천제연로 200 (중문동),제주특별자치도 서귀포시 중문동 2028번지 3호,2,월/수/금,,33.25150775,126.4260665,
서귀포시,중문동,국민약국,064-738-8575,63546,제주특별자치도 서귀포시 천제연로208번길 2 (중문동),제주특별자치도 서귀포시 중문동 1964번지 5호,1,,,33.25148219,126.4267792,
서귀포시,중문동,정화약국,064-738-0017,63546,제주특별자치도 서귀포시 중문상로 36 (중문동),제주특별자치도 서귀포시 중문동 2027번지 2호,1,,,33.25143639,126.4254531,
제주시,추자면,추자약국,064-742-9958,63000,제주특별자치도 제주시 추자면 추자로 20,제주특별자치도 제주시 추자면 대서리 8번지,1,,,33.96373803,126.2969648,
서귀포시,표선면,소아약국,064-787-0153,63629,제주특별자치도 서귀포시 표선면 표선중앙로 84 (소아약국),제주특별자치도 서귀포시 표선면 표선리 629-1,1,,,33.32583506,126.8328655,
서귀포시,표선면,표선한사랑약국,064-787-0060,63629,제주특별자치도 서귀포시 표선면 표선중앙로80번길 1,제주특별자치도 서귀포시 표선면 표선리 697-1,1,,,33.32602924,126.8324398,
서귀포시,표선면,온세상건강약국,064-787-7817,63629,제주특별자치도 서귀포시 표선면 표선동서로 225 (표선의원),제주특별자치도 서귀포시 표선면 표선리 666-5,1,,,33.32425012,126.8316227,
서귀포시,표선면,은혜약국,064-787-5242,63629,제주특별자치도 서귀포시 표선면 표선관정로 97 (서울약국),제주특별자치도 서귀포시 표선면 표선리 675,1,,,33.32433564,126.8308578,
서귀포시,하효동,정약국,064-767-3216,63606,제주특별자치도 서귀포시 하신상로 32 (하효동),제주특별자치도 서귀포시 하효동 142-4,1,,,33.26339565,126.6176263,
제주시,한경면,신창약국,064-772-3799,63002,제주특별자치도 제주시 한경면 두신로 75,제주특별자치도 제주시 한경면 신창리 268-1,1,,,33.34985648,126.1828066,
제주시,한경면,차귀도 약국,064-773-2022,63008,제주특별자치도 제주시 한경면 고산로 8,제주특별자치도 제주시 한경면 고산리 2863번지 4호,1,,,33.30165645,126.1798297,
제주시,한경면,장수약국,064-772-5834,63008,제주특별자치도 제주시 한경면 고산로 16,제주특별자치도 제주시 한경면 고산리 2854번지,1,,,33.30240959,126.1797807,
제주시,한림읍,새별약국,064-796-7966,63013,"제주특별자치도 제주시 한림읍 동명북1길 11, 1층 102호",제주특별자치도 제주시 한림읍 동명리 1601번지 11호,1,,,33.40867061,126.2643352,
제주시,한림읍,한그루약국,064-796-5077,63013,"제주특별자치도 제주시 한림읍 한림상로 116, 103호",제주특별자치도 제주시 한림읍 동명리 1592-3,1,,,33.4099007,126.2653694,
제주시,한림읍,달래약국,064-796-6595,63028,"제주특별자치도 제주시 한림읍 한림중앙로 71, 1층",제주특별자치도 제주시 한림읍 한림리 915-6,1,,,33.4087708,126.2666731,
제주시,한림읍,은솔약국,064-796-7474,63029,제주특별자치도 제주시 한림읍 한림중앙로 46,제주특별자치도 제주시 한림읍 한림리 936번지 7호,1,,,33.41059602,126.2651072,
제주시,한림읍,세창약국,064-796-2567,63029,제주특별자치도 제주시 한림읍 한림중앙로 1,제주특별자치도 제주시 한림읍 한림리 1073-1,1,,,33.4145826,126.264869,
제주시,한림읍,태안약국,064-796-8050,63029,제주특별자치도 제주시 한림읍 한림중앙로 29,제주특별자치도 제주시 한림읍 한림리 1198번지 10호,1,,,33.41216825,126.265191,
제주시,한림읍,동서약국,064-796-2176,63030,제주특별자치도 제주시 한림읍 한림로 682,제주특별자치도 제주시 한림읍 한림리 1303번지 14호,1,,,33.41553253,126.2653136,
제주시,한림읍,한림약국,064-796-7309,63031,제주특별자치도 제주시 한림읍 한림로 679,제주특별자치도 제주시 한림읍 한림리 1315번지 3호,1,,,33.41549227,126.2649251,
제주시,한림읍,현재약국,064-796-9333,63032,제주특별자치도 제주시 한림읍 한림로 650,제주특별자치도 제주시 한림읍 한림리 1401번지 3호,2,월/화/수/목/금/토,,33.41368576,126.262828,
제주시,한림읍,녹십자약국,064-796-9001,63032,제주특별자치도 제주시 한림읍 한림중앙로 4,제주특별자치도 제주시 한림읍 한림리 1213번지 3호,1,,,33.41446639,126.2645811,
제주시,한림읍,중앙약국,064-796-2051,63032,제주특별자치도 제주시 한림읍 한림로 664,제주특별자치도 제주시 한림읍 한림리 1420번지,1,,,33.41436079,126.2640592,
제주시,화북동,동화약국,064-723-6462,63288,제주특별자치도 제주시 일주동로 241 (화북일동),제주특별자치도 제주시 화북일동 1239번지 6호,1,,,33.5198328,126.5709609,
제주시,화북동,365매일약국,064-702-3172,63288,제주특별자치도 제주시 일주동로 227 (화북일동),제주특별자치도 제주시 화북일동 1923-3,1,,,33.51941978,126.5697665,
제주시,화북동,월마트약국,064-723-4947,63288,"제주특별자치도 제주시 일주동로 229, 1층 B호 (화북일동, 동인빌딩)",제주특별자치도 제주시 화북일동 1921번지 5호,1,,,33.51944259,126.5699478,
제주시,화북동,우리아빠약국,064-751-3732,63288,"제주특별자치도 제주시 일주동로 255, 1층 (화북일동)",제주특별자치도 제주시 화북일동 1257-7,1,,,33.52063422,126.5722108,
제주시,화북동,화북약국,064-756-1428,63289,"제주특별자치도 제주시 일주동로 199 (화북일동,2층)",제주특별자치도 제주시 화북일동 1989번지 10호 2층,1,,,33.51902292,126.5668466,
제주시,화북동,바로약국,064-723-3273,63289,"제주특별자치도 제주시 일주동로 197, 1층 (화북일동)",제주특별자치도 제주시 화북일동 1989번지 12호 1층,1,,,33.51898015,126.5665798,
제주시,화북동,온누리한솔약국,064-725-0270,63292,제주특별자치도 제주시 일주동로 181 (화북일동),제주특별자치도 제주시 화북일동 1984번지 11호,1,,,33.51902708,126.5648186,
제주시,화북동,화북남문약국,064-758-6363,63292,제주특별자치도 제주시 일주동로 185 (화북일동),제주특별자치도 제주시 화북일동 1984번지 9호,1,,,33.5191288,126.5652368,
제주시,화북동,옵티마힐링약국,064-757-6860,63300,"제주특별자치도 제주시 동화로 28, 1층 (화북일동)",제주특별자치도 제주시 화북일동 1152번지 5호,1,,,33.51784274,126.5727941,
제주시,화북동,그린약국,064-727-1175,63300,"제주특별자치도 제주시 동화로 30, 1층 (화북일동)",제주특별자치도 제주시 화북일동 1155번지 2호,1,,,33.51760525,126.5727901,
제주시,화북동,비타민약국,064-702-4824,63300,"제주특별자치도 제주시 일주동로 250, 1층 (화북일동)",제주특별자치도 제주시 화북일동 1238번지,1,,,33.51972318,126.5719812,
제주시,화북동,무지개약국,064-723-0888,63303,"제주특별자치도 제주시 화삼로1길 14, 1층 (화북일동)",제주특별자치도 제주시 화북일동 1015번지 3호 1층,1,,,33.51474298,126.5752607,